{"stats":{"minecraft:custom":{"minecraft:time_since_rest":14971,"minecraft:crouch_one_cm":4,"minecraft:sprint_one_cm":19396,"minecraft:play_time":14971,"minecraft:walk_one_cm":6468,"minecraft:sneak_time":8,"minecraft:walk_under_water_one_cm":93,"minecraft:mob_kills":3,"minecraft:jump":143,"minecraft:damage_dealt":255,"minecraft:leave_game":1,"minecraft:walk_on_water_one_cm":597,"minecraft:time_since_death":14971,"minecraft:total_world_time":14971,"minecraft:swim_one_cm":815,"minecraft:fall_one_cm":685,"minecraft:fly_one_cm":96178},"minecraft:mined":{"minecraft:large_fern":3,"minecraft:grass_block":3,"minecraft:sweet_berry_bush":15},"minecraft:picked_up":{"minecraft:sweet_berries":35,"minecraft:mutton":5,"minecraft:dirt":1,"minecraft:white_wool":3},"minecraft:killed":{"minecraft:sheep":3}},"DataVersion":3465}