{"stats":{"minecraft:custom":{"minecraft:mob_kills":6,"minecraft:interact_with_crafting_table":7,"minecraft:leave_game":1,"minecraft:time_since_death":38971,"minecraft:sleep_in_bed":2,"minecraft:time_since_rest":2136,"minecraft:sprint_one_cm":97452,"minecraft:damage_taken":266,"minecraft:walk_one_cm":52896,"minecraft:drop":2,"minecraft:damage_dealt":903,"minecraft:swim_one_cm":6247,"minecraft:talked_to_villager":26,"minecraft:fly_one_cm":188316,"minecraft:open_chest":13,"minecraft:crouch_one_cm":2293,"minecraft:play_time":38971,"minecraft:sneak_time":1043,"minecraft:walk_under_water_one_cm":2126,"minecraft:boat_one_cm":60337,"minecraft:jump":716,"minecraft:walk_on_water_one_cm":3846,"minecraft:total_world_time":38971,"minecraft:fall_one_cm":15281},"minecraft:mined":{"minecraft:crafting_table":2,"minecraft:dark_oak_fence":1,"minecraft:grass_block":10,"minecraft:tall_grass":1,"minecraft:spruce_leaves":1,"minecraft:sugar_cane":1,"minecraft:blue_bed":2,"minecraft:pink_petals":10,"minecraft:large_fern":3,"minecraft:purple_bed":2,"minecraft:birch_planks":1,"minecraft:carrots":5,"minecraft:birch_log":11,"minecraft:wheat":12,"minecraft:sweet_berry_bush":16,"minecraft:spruce_log":7,"minecraft:birch_leaves":2,"minecraft:pumpkin":7,"minecraft:grass":7,"minecraft:potatoes":2,"minecraft:oak_log":34,"minecraft:beetroots":1,"minecraft:sand":2,"minecraft:dirt":6,"minecraft:stone":22,"minecraft:white_wool":2,"minecraft:oak_leaves":13,"minecraft:fern":1},"minecraft:picked_up":{"minecraft:birch_log":11,"minecraft:pink_petals":29,"minecraft:crafting_table":2,"minecraft:wheat":6,"minecraft:potato":2,"minecraft:birch_planks":1,"minecraft:oak_log":34,"minecraft:dirt":4,"minecraft:blue_bed":2,"minecraft:bone":2,"minecraft:bow":1,"minecraft:wheat_seeds":25,"minecraft:sugar_cane":2,"minecraft:golden_helmet":1,"minecraft:stick":1,"minecraft:pumpkin":7,"minecraft:sweet_berries":35,"minecraft:sand":2,"minecraft:carrot":5,"minecraft:spruce_log":7,"minecraft:arrow":2,"minecraft:purple_bed":2,"minecraft:beetroot_seeds":1,"minecraft:crossbow":1,"minecraft:mutton":5,"minecraft:dark_oak_fence":1,"minecraft:white_wool":5,"minecraft:cobblestone":20},"minecraft:used":{"minecraft:wheat_seeds":14,"minecraft:birch_planks":4,"minecraft:chest":1,"minecraft:wooden_pickaxe":22,"minecraft:blue_bed":1,"minecraft:white_wool":2,"minecraft:dirt":1,"minecraft:crafting_table":2,"minecraft:carrot":1,"minecraft:stone_axe":75,"minecraft:birch_trapdoor":4,"minecraft:sweet_berries":22,"minecraft:purple_bed":2,"minecraft:golden_pickaxe":1},"minecraft:killed":{"minecraft:sheep":4,"minecraft:skeleton":1,"minecraft:villager":1},"minecraft:crafted":{"minecraft:crafting_table":1,"minecraft:spruce_planks":28,"minecraft:wooden_pickaxe":1,"minecraft:birch_planks":44,"minecraft:stone_axe":2,"minecraft:stick":8,"minecraft:stone_pickaxe":1,"minecraft:birch_trapdoor":4,"minecraft:chest":1},"minecraft:dropped":{"minecraft:golden_helmet":1,"minecraft:cobblestone":1}},"DataVersion":3465}