{"stats":{"minecraft:broken":{"minecraft:stone_pickaxe":1,"minecraft:golden_pickaxe":1},"minecraft:custom":{"minecraft:mob_kills":14,"minecraft:interact_with_crafting_table":26,"minecraft:bell_ring":1,"minecraft:leave_game":2,"minecraft:time_since_death":74504,"minecraft:sleep_in_bed":4,"minecraft:time_since_rest":8875,"minecraft:sprint_one_cm":165707,"minecraft:damage_taken":504,"minecraft:walk_one_cm":112371,"minecraft:damage_blocked_by_shield":30,"minecraft:drop":4,"minecraft:damage_dealt":1890,"minecraft:swim_one_cm":66689,"minecraft:talked_to_villager":51,"minecraft:fly_one_cm":285403,"minecraft:open_chest":34,"minecraft:crouch_one_cm":5166,"minecraft:play_time":74504,"minecraft:sneak_time":3031,"minecraft:walk_under_water_one_cm":16379,"minecraft:boat_one_cm":61586,"minecraft:jump":1374,"minecraft:interact_with_blast_furnace":16,"minecraft:walk_on_water_one_cm":9244,"minecraft:interact_with_smoker":7,"minecraft:total_world_time":74504,"minecraft:fall_one_cm":29784},"minecraft:mined":{"minecraft:oak_door":8,"minecraft:smoker":1,"minecraft:crafting_table":3,"minecraft:granite":2,"minecraft:dark_oak_fence":1,"minecraft:blast_furnace":1,"minecraft:grass_block":17,"minecraft:tall_grass":1,"minecraft:spruce_leaves":1,"minecraft:composter":1,"minecraft:sugar_cane":1,"minecraft:blue_bed":2,"minecraft:seagrass":1,"minecraft:pink_petals":10,"minecraft:large_fern":3,"minecraft:purple_bed":2,"minecraft:birch_planks":1,"minecraft:carrots":15,"minecraft:iron_ore":5,"minecraft:birch_log":11,"minecraft:wheat":21,"minecraft:sweet_berry_bush":16,"minecraft:spruce_log":7,"minecraft:andesite":13,"minecraft:birch_leaves":2,"minecraft:pumpkin":7,"minecraft:water_cauldron":6,"minecraft:grass":15,"minecraft:deepslate_iron_ore":16,"minecraft:coal_ore":11,"minecraft:potatoes":6,"minecraft:oak_log":39,"minecraft:beetroots":1,"minecraft:dirt_path":4,"minecraft:sand":2,"minecraft:dirt":64,"minecraft:stone":197,"minecraft:white_wool":2,"minecraft:oak_leaves":14,"minecraft:fern":1},"minecraft:picked_up":{"minecraft:birch_log":11,"minecraft:pink_petals":29,"minecraft:crafting_table":3,"minecraft:wheat":6,"minecraft:water_bucket":1,"minecraft:andesite":11,"minecraft:leather":2,"minecraft:smoker":1,"minecraft:potato":6,"minecraft:birch_planks":1,"minecraft:oak_log":39,"minecraft:dirt":71,"minecraft:blue_bed":2,"minecraft:cooked_mutton":13,"minecraft:bone":4,"minecraft:bow":1,"minecraft:wheat_seeds":34,"minecraft:beef":1,"minecraft:sugar_cane":2,"minecraft:egg":1,"minecraft:golden_helmet":1,"minecraft:raw_iron":21,"minecraft:stick":1,"minecraft:birch_boat":5,"minecraft:oak_door":8,"minecraft:pumpkin":7,"minecraft:sweet_berries":35,"minecraft:composter":1,"minecraft:porkchop":8,"minecraft:sand":2,"minecraft:blast_furnace":1,"minecraft:carrot":23,"minecraft:spruce_log":7,"minecraft:cauldron":5,"minecraft:rotten_flesh":1,"minecraft:arrow":2,"minecraft:purple_bed":2,"minecraft:beetroot_seeds":1,"minecraft:crossbow":1,"minecraft:granite":2,"minecraft:coal":14,"minecraft:mutton":6,"minecraft:dark_oak_fence":1,"minecraft:white_wool":6,"minecraft:cobblestone":194},"minecraft:used":{"minecraft:wheat_seeds":14,"minecraft:water_bucket":2,"minecraft:birch_planks":4,"minecraft:stone_pickaxe":176,"minecraft:oak_planks":8,"minecraft:birch_boat":4,"minecraft:shield":1,"minecraft:chest":1,"minecraft:wooden_pickaxe":22,"minecraft:wooden_shovel":53,"minecraft:blue_bed":1,"minecraft:oak_door":10,"minecraft:white_wool":2,"minecraft:dirt":20,"minecraft:mutton":1,"minecraft:crafting_table":3,"minecraft:carrot":1,"minecraft:smoker":1,"minecraft:stone_axe":106,"minecraft:birch_trapdoor":4,"minecraft:sweet_berries":35,"minecraft:purple_bed":2,"minecraft:cooked_porkchop":5,"minecraft:bucket":4,"minecraft:golden_pickaxe":56},"minecraft:killed":{"minecraft:pig":4,"minecraft:sheep":5,"minecraft:skeleton":2,"minecraft:zombie":1,"minecraft:villager":1,"minecraft:cow":1},"minecraft:crafted":{"minecraft:oak_door":3,"minecraft:oak_planks":20,"minecraft:wooden_shovel":1,"minecraft:cooked_porkchop":8,"minecraft:crafting_table":2,"minecraft:spruce_planks":28,"minecraft:wooden_pickaxe":1,"minecraft:furnace":1,"minecraft:bucket":2,"minecraft:birch_planks":44,"minecraft:stone_axe":2,"minecraft:air":0,"minecraft:shield":1,"minecraft:stick":8,"minecraft:iron_ingot":12,"minecraft:stone_pickaxe":2,"minecraft:birch_trapdoor":4,"minecraft:chest":1,"minecraft:smoker":1},"minecraft:dropped":{"minecraft:water_bucket":2,"minecraft:golden_helmet":1,"minecraft:cobblestone":1}},"DataVersion":3465}