{"stats":{"minecraft:custom":{"minecraft:time_since_rest":3086,"minecraft:sprint_one_cm":51853,"minecraft:damage_taken":105,"minecraft:walk_one_cm":28978,"minecraft:mob_kills":4,"minecraft:drop":1,"minecraft:damage_dealt":445,"minecraft:talked_to_villager":10,"minecraft:swim_one_cm":6247,"minecraft:interact_with_crafting_table":3,"minecraft:fly_one_cm":127493,"minecraft:crouch_one_cm":1322,"minecraft:play_time":26971,"minecraft:sneak_time":670,"minecraft:walk_under_water_one_cm":1803,"minecraft:boat_one_cm":19556,"minecraft:jump":364,"minecraft:leave_game":1,"minecraft:time_since_death":26971,"minecraft:walk_on_water_one_cm":3195,"minecraft:sleep_in_bed":1,"minecraft:total_world_time":26971,"minecraft:fall_one_cm":4556},"minecraft:mined":{"minecraft:large_fern":3,"minecraft:purple_bed":1,"minecraft:birch_log":11,"minecraft:sweet_berry_bush":15,"minecraft:spruce_log":7,"minecraft:birch_leaves":2,"minecraft:pumpkin":7,"minecraft:crafting_table":2,"minecraft:grass":2,"minecraft:grass_block":3,"minecraft:oak_log":28,"minecraft:dirt":1,"minecraft:sand":2,"minecraft:spruce_leaves":1,"minecraft:stone":22,"minecraft:sugar_cane":1,"minecraft:oak_leaves":6,"minecraft:blue_bed":1,"minecraft:fern":1},"minecraft:picked_up":{"minecraft:birch_log":11,"minecraft:crafting_table":2,"minecraft:pumpkin":7,"minecraft:sweet_berries":35,"minecraft:sand":2,"minecraft:oak_log":28,"minecraft:spruce_log":7,"minecraft:blue_bed":1,"minecraft:dirt":2,"minecraft:bone":2,"minecraft:arrow":2,"minecraft:purple_bed":1,"minecraft:bow":1,"minecraft:sugar_cane":2,"minecraft:mutton":5,"minecraft:white_wool":3,"minecraft:cobblestone":20},"minecraft:used":{"minecraft:wooden_pickaxe":22,"minecraft:stone_axe":59,"minecraft:white_wool":2,"minecraft:dirt":1,"minecraft:sweet_berries":3,"minecraft:crafting_table":2},"minecraft:killed":{"minecraft:sheep":3,"minecraft:skeleton":1},"minecraft:dropped":{"minecraft:cobblestone":1},"minecraft:crafted":{"minecraft:crafting_table":1,"minecraft:spruce_planks":28,"minecraft:stick":8,"minecraft:wooden_pickaxe":1,"minecraft:stone_pickaxe":1,"minecraft:birch_planks":44,"minecraft:stone_axe":2}},"DataVersion":3465}