{"stats":{"minecraft:broken":{"minecraft:stone_pickaxe":1,"minecraft:golden_pickaxe":1},"minecraft:custom":{"minecraft:mob_kills":12,"minecraft:interact_with_crafting_table":13,"minecraft:leave_game":1,"minecraft:time_since_death":50971,"minecraft:sleep_in_bed":2,"minecraft:time_since_rest":14136,"minecraft:sprint_one_cm":120173,"minecraft:damage_taken":356,"minecraft:walk_one_cm":70948,"minecraft:drop":2,"minecraft:damage_dealt":1545,"minecraft:swim_one_cm":13557,"minecraft:talked_to_villager":28,"minecraft:fly_one_cm":218549,"minecraft:open_chest":22,"minecraft:crouch_one_cm":2361,"minecraft:play_time":50971,"minecraft:sneak_time":1086,"minecraft:walk_under_water_one_cm":2978,"minecraft:boat_one_cm":60337,"minecraft:jump":957,"minecraft:walk_on_water_one_cm":5010,"minecraft:total_world_time":50971,"minecraft:fall_one_cm":20419},"minecraft:mined":{"minecraft:crafting_table":2,"minecraft:granite":2,"minecraft:dark_oak_fence":1,"minecraft:grass_block":15,"minecraft:tall_grass":1,"minecraft:spruce_leaves":1,"minecraft:sugar_cane":1,"minecraft:blue_bed":2,"minecraft:pink_petals":10,"minecraft:large_fern":3,"minecraft:purple_bed":2,"minecraft:birch_planks":1,"minecraft:carrots":5,"minecraft:birch_log":11,"minecraft:wheat":12,"minecraft:sweet_berry_bush":16,"minecraft:spruce_log":7,"minecraft:andesite":13,"minecraft:birch_leaves":2,"minecraft:pumpkin":7,"minecraft:grass":8,"minecraft:coal_ore":4,"minecraft:potatoes":2,"minecraft:oak_log":34,"minecraft:beetroots":1,"minecraft:dirt_path":4,"minecraft:sand":2,"minecraft:dirt":58,"minecraft:stone":193,"minecraft:white_wool":2,"minecraft:oak_leaves":13,"minecraft:fern":1},"minecraft:picked_up":{"minecraft:birch_log":11,"minecraft:pink_petals":29,"minecraft:crafting_table":2,"minecraft:wheat":6,"minecraft:andesite":11,"minecraft:leather":2,"minecraft:potato":2,"minecraft:birch_planks":1,"minecraft:oak_log":34,"minecraft:dirt":63,"minecraft:blue_bed":2,"minecraft:bone":2,"minecraft:bow":1,"minecraft:wheat_seeds":25,"minecraft:beef":1,"minecraft:sugar_cane":2,"minecraft:golden_helmet":1,"minecraft:stick":1,"minecraft:pumpkin":7,"minecraft:sweet_berries":35,"minecraft:porkchop":8,"minecraft:sand":2,"minecraft:carrot":5,"minecraft:spruce_log":7,"minecraft:arrow":2,"minecraft:purple_bed":2,"minecraft:beetroot_seeds":1,"minecraft:crossbow":1,"minecraft:granite":2,"minecraft:coal":4,"minecraft:mutton":6,"minecraft:dark_oak_fence":1,"minecraft:white_wool":6,"minecraft:cobblestone":191},"minecraft:used":{"minecraft:wheat_seeds":14,"minecraft:birch_planks":4,"minecraft:stone_pickaxe":135,"minecraft:chest":1,"minecraft:wooden_pickaxe":22,"minecraft:wooden_shovel":53,"minecraft:blue_bed":1,"minecraft:white_wool":2,"minecraft:dirt":13,"minecraft:mutton":1,"minecraft:crafting_table":2,"minecraft:carrot":1,"minecraft:stone_axe":84,"minecraft:birch_trapdoor":4,"minecraft:sweet_berries":33,"minecraft:purple_bed":2,"minecraft:golden_pickaxe":56},"minecraft:killed":{"minecraft:pig":4,"minecraft:sheep":5,"minecraft:skeleton":1,"minecraft:villager":1,"minecraft:cow":1},"minecraft:dropped":{"minecraft:golden_helmet":1,"minecraft:cobblestone":1},"minecraft:crafted":{"minecraft:wooden_shovel":1,"minecraft:crafting_table":1,"minecraft:spruce_planks":28,"minecraft:wooden_pickaxe":1,"minecraft:birch_planks":44,"minecraft:stone_axe":2,"minecraft:stick":8,"minecraft:stone_pickaxe":2,"minecraft:birch_trapdoor":4,"minecraft:chest":1}},"DataVersion":3465}