{"stats":{"minecraft:custom":{"minecraft:jump":98,"minecraft:time_since_rest":10885,"minecraft:damage_dealt":255,"minecraft:leave_game":1,"minecraft:sprint_one_cm":9046,"minecraft:play_time":10885,"minecraft:walk_on_water_one_cm":597,"minecraft:time_since_death":10885,"minecraft:walk_one_cm":2879,"minecraft:total_world_time":10885,"minecraft:walk_under_water_one_cm":93,"minecraft:mob_kills":3,"minecraft:swim_one_cm":815,"minecraft:fall_one_cm":267,"minecraft:fly_one_cm":87719},"minecraft:mined":{"minecraft:large_fern":3,"minecraft:grass_block":3},"minecraft:picked_up":{"minecraft:mutton":5,"minecraft:white_wool":3,"minecraft:dirt":1},"minecraft:killed":{"minecraft:sheep":3}},"DataVersion":3465}