{"stats":{"minecraft:broken":{"minecraft:stone_pickaxe":1,"minecraft:golden_pickaxe":1},"minecraft:custom":{"minecraft:mob_kills":13,"minecraft:interact_with_crafting_table":19,"minecraft:bell_ring":1,"minecraft:leave_game":1,"minecraft:time_since_death":62971,"minecraft:sleep_in_bed":3,"minecraft:time_since_rest":11479,"minecraft:sprint_one_cm":140312,"minecraft:damage_taken":464,"minecraft:walk_one_cm":79338,"minecraft:drop":2,"minecraft:damage_dealt":1835,"minecraft:swim_one_cm":66689,"minecraft:talked_to_villager":29,"minecraft:fly_one_cm":257658,"minecraft:open_chest":32,"minecraft:crouch_one_cm":2667,"minecraft:play_time":62971,"minecraft:sneak_time":1810,"minecraft:walk_under_water_one_cm":16379,"minecraft:boat_one_cm":60337,"minecraft:jump":1204,"minecraft:interact_with_blast_furnace":2,"minecraft:walk_on_water_one_cm":8584,"minecraft:interact_with_smoker":6,"minecraft:total_world_time":62971,"minecraft:fall_one_cm":26588},"minecraft:mined":{"minecraft:oak_door":8,"minecraft:crafting_table":3,"minecraft:granite":2,"minecraft:dark_oak_fence":1,"minecraft:grass_block":17,"minecraft:tall_grass":1,"minecraft:spruce_leaves":1,"minecraft:sugar_cane":1,"minecraft:blue_bed":2,"minecraft:pink_petals":10,"minecraft:large_fern":3,"minecraft:purple_bed":2,"minecraft:birch_planks":1,"minecraft:carrots":5,"minecraft:iron_ore":5,"minecraft:birch_log":11,"minecraft:wheat":12,"minecraft:sweet_berry_bush":16,"minecraft:spruce_log":7,"minecraft:andesite":13,"minecraft:birch_leaves":2,"minecraft:pumpkin":7,"minecraft:grass":8,"minecraft:deepslate_iron_ore":16,"minecraft:coal_ore":11,"minecraft:potatoes":2,"minecraft:oak_log":39,"minecraft:beetroots":1,"minecraft:dirt_path":4,"minecraft:sand":2,"minecraft:dirt":61,"minecraft:stone":197,"minecraft:white_wool":2,"minecraft:oak_leaves":14,"minecraft:fern":1},"minecraft:picked_up":{"minecraft:birch_log":11,"minecraft:pink_petals":29,"minecraft:crafting_table":3,"minecraft:wheat":6,"minecraft:andesite":11,"minecraft:leather":2,"minecraft:potato":2,"minecraft:birch_planks":1,"minecraft:oak_log":39,"minecraft:dirt":67,"minecraft:blue_bed":2,"minecraft:bone":2,"minecraft:bow":1,"minecraft:wheat_seeds":25,"minecraft:beef":1,"minecraft:sugar_cane":2,"minecraft:egg":1,"minecraft:golden_helmet":1,"minecraft:raw_iron":21,"minecraft:stick":1,"minecraft:oak_door":8,"minecraft:pumpkin":7,"minecraft:sweet_berries":35,"minecraft:porkchop":8,"minecraft:sand":2,"minecraft:carrot":5,"minecraft:spruce_log":7,"minecraft:rotten_flesh":1,"minecraft:arrow":2,"minecraft:purple_bed":2,"minecraft:beetroot_seeds":1,"minecraft:crossbow":1,"minecraft:granite":2,"minecraft:coal":10,"minecraft:mutton":6,"minecraft:dark_oak_fence":1,"minecraft:white_wool":6,"minecraft:cobblestone":194},"minecraft:used":{"minecraft:wheat_seeds":14,"minecraft:birch_planks":4,"minecraft:stone_pickaxe":168,"minecraft:oak_planks":4,"minecraft:chest":1,"minecraft:wooden_pickaxe":22,"minecraft:wooden_shovel":53,"minecraft:blue_bed":1,"minecraft:oak_door":10,"minecraft:white_wool":2,"minecraft:dirt":15,"minecraft:mutton":1,"minecraft:crafting_table":3,"minecraft:carrot":1,"minecraft:smoker":1,"minecraft:stone_axe":103,"minecraft:birch_trapdoor":4,"minecraft:sweet_berries":35,"minecraft:purple_bed":2,"minecraft:cooked_porkchop":3,"minecraft:golden_pickaxe":56},"minecraft:killed":{"minecraft:pig":4,"minecraft:sheep":5,"minecraft:skeleton":1,"minecraft:zombie":1,"minecraft:villager":1,"minecraft:cow":1},"minecraft:dropped":{"minecraft:golden_helmet":1,"minecraft:cobblestone":1},"minecraft:crafted":{"minecraft:oak_door":3,"minecraft:oak_planks":20,"minecraft:wooden_shovel":1,"minecraft:cooked_porkchop":8,"minecraft:crafting_table":2,"minecraft:spruce_planks":28,"minecraft:wooden_pickaxe":1,"minecraft:furnace":1,"minecraft:birch_planks":44,"minecraft:stone_axe":2,"minecraft:air":0,"minecraft:shield":1,"minecraft:stick":8,"minecraft:stone_pickaxe":2,"minecraft:birch_trapdoor":4,"minecraft:chest":1,"minecraft:smoker":1}},"DataVersion":3465}