{"stats":{"minecraft:custom":{"minecraft:mob_kills":8,"minecraft:interact_with_crafting_table":12,"minecraft:bell_ring":9,"minecraft:time_since_death":25561,"minecraft:sleep_in_bed":2,"minecraft:time_since_rest":2136,"minecraft:sprint_one_cm":77677,"minecraft:damage_taken":423,"minecraft:walk_one_cm":51252,"minecraft:drop":2,"minecraft:damage_dealt":1696,"minecraft:swim_one_cm":16654,"minecraft:fly_one_cm":118475,"minecraft:open_chest":6,"minecraft:crouch_one_cm":2293,"minecraft:play_time":25561,"minecraft:sneak_time":1358,"minecraft:walk_under_water_one_cm":5200,"minecraft:boat_one_cm":70456,"minecraft:jump":604,"minecraft:walk_on_water_one_cm":4435,"minecraft:total_world_time":25561,"minecraft:fall_one_cm":15922},"minecraft:mined":{"minecraft:kelp_plant":1,"minecraft:crafting_table":3,"minecraft:blast_furnace":1,"minecraft:allium":5,"minecraft:grass_block":7,"minecraft:chest":1,"minecraft:campfire":1,"minecraft:cobblestone":1,"minecraft:spruce_leaves":1,"minecraft:sugar_cane":6,"minecraft:kelp":1,"minecraft:blue_bed":1,"minecraft:pink_petals":7,"minecraft:birch_planks":4,"minecraft:purple_bed":1,"minecraft:birch_log":6,"minecraft:sweet_berry_bush":40,"minecraft:fletching_table":1,"minecraft:bell":2,"minecraft:grass":5,"minecraft:oak_log":44,"minecraft:dirt":3,"minecraft:stone":18,"minecraft:oak_leaves":5},"minecraft:picked_up":{"minecraft:birch_log":6,"minecraft:charcoal":2,"minecraft:pink_petals":13,"minecraft:crafting_table":3,"minecraft:allium":5,"minecraft:birch_planks":4,"minecraft:oak_log":44,"minecraft:dirt":7,"minecraft:blue_bed":1,"minecraft:kelp":12,"minecraft:wheat_seeds":1,"minecraft:bell":2,"minecraft:iron_ingot":5,"minecraft:poppy":1,"minecraft:fletching_table":1,"minecraft:light_gray_wool":1,"minecraft:sugar_cane":9,"minecraft:chest":1,"minecraft:golden_helmet":1,"minecraft:stick":1,"minecraft:birch_boat":1,"minecraft:sweet_berries":96,"minecraft:blast_furnace":1,"minecraft:arrow":6,"minecraft:purple_bed":1,"minecraft:black_wool":1,"minecraft:mutton":8,"minecraft:white_wool":3,"minecraft:cobblestone":22},"minecraft:used":{"minecraft:iron_shovel":3,"minecraft:birch_planks":4,"minecraft:stone_pickaxe":25,"minecraft:chest":1,"minecraft:birch_boat":2,"minecraft:blue_bed":1,"minecraft:bell":1,"minecraft:dirt":4,"minecraft:crafting_table":4,"minecraft:iron_axe":43,"minecraft:stone_axe":28,"minecraft:purple_bed":1,"minecraft:sweet_berries":41},"minecraft:killed":{"minecraft:wolf":1,"minecraft:iron_golem":1,"minecraft:sheep":4,"minecraft:pillager":2},"minecraft:crafted":{"minecraft:crafting_table":1,"minecraft:birch_boat":2,"minecraft:birch_planks":24,"minecraft:stone_axe":1,"minecraft:iron_axe":1,"minecraft:iron_hoe":1,"minecraft:stick":12,"minecraft:stone_pickaxe":1,"minecraft:iron_shovel":1},"minecraft:dropped":{"minecraft:golden_helmet":2}},"DataVersion":3465}