{"stats":{"minecraft:custom":{"minecraft:mob_kills":9,"minecraft:interact_with_crafting_table":12,"minecraft:bell_ring":9,"minecraft:leave_game":1,"minecraft:time_since_death":36636,"minecraft:sleep_in_bed":2,"minecraft:climb_one_cm":1333,"minecraft:time_since_rest":13211,"minecraft:sprint_one_cm":108917,"minecraft:damage_taken":547,"minecraft:walk_one_cm":109833,"minecraft:drop":2,"minecraft:damage_dealt":1831,"minecraft:swim_one_cm":18641,"minecraft:fly_one_cm":166001,"minecraft:open_chest":7,"minecraft:crouch_one_cm":6348,"minecraft:play_time":36636,"minecraft:sneak_time":2587,"minecraft:walk_under_water_one_cm":6052,"minecraft:boat_one_cm":70456,"minecraft:jump":822,"minecraft:walk_on_water_one_cm":6640,"minecraft:total_world_time":36636,"minecraft:fall_one_cm":19738},"minecraft:mined":{"minecraft:farmland":18,"minecraft:kelp_plant":1,"minecraft:brewing_stand":1,"minecraft:crafting_table":3,"minecraft:allium":5,"minecraft:blast_furnace":1,"minecraft:grass_block":102,"minecraft:chest":1,"minecraft:campfire":1,"minecraft:cobblestone":1,"minecraft:kelp":1,"minecraft:spruce_leaves":1,"minecraft:composter":3,"minecraft:sugar_cane":6,"minecraft:blue_bed":1,"minecraft:pink_petals":7,"minecraft:birch_planks":4,"minecraft:purple_bed":1,"minecraft:carrots":11,"minecraft:birch_log":6,"minecraft:wheat":35,"minecraft:sweet_berry_bush":44,"minecraft:fletching_table":1,"minecraft:bell":2,"minecraft:grass":8,"minecraft:coal_ore":9,"minecraft:potatoes":3,"minecraft:oak_log":48,"minecraft:beetroots":1,"minecraft:dirt_path":10,"minecraft:dirt":44,"minecraft:stone":19,"minecraft:oak_leaves":6},"minecraft:picked_up":{"minecraft:birch_log":6,"minecraft:charcoal":2,"minecraft:pink_petals":13,"minecraft:crafting_table":3,"minecraft:allium":5,"minecraft:potato":3,"minecraft:birch_planks":4,"minecraft:oak_log":48,"minecraft:brewing_stand":1,"minecraft:blue_bed":1,"minecraft:dirt":173,"minecraft:kelp":12,"minecraft:wheat_seeds":38,"minecraft:bell":2,"minecraft:iron_ingot":5,"minecraft:light_gray_wool":1,"minecraft:fletching_table":1,"minecraft:poppy":1,"minecraft:sugar_cane":9,"minecraft:chest":1,"minecraft:golden_helmet":1,"minecraft:stick":1,"minecraft:birch_boat":1,"minecraft:sweet_berries":96,"minecraft:composter":3,"minecraft:blast_furnace":1,"minecraft:carrot":11,"minecraft:spider_eye":1,"minecraft:arrow":6,"minecraft:purple_bed":1,"minecraft:beetroot_seeds":1,"minecraft:black_wool":1,"minecraft:mutton":8,"minecraft:coal":9,"minecraft:white_wool":3,"minecraft:cobblestone":23},"minecraft:used":{"minecraft:iron_shovel":168,"minecraft:birch_planks":4,"minecraft:stone_pickaxe":36,"minecraft:chest":1,"minecraft:birch_boat":2,"minecraft:composter":2,"minecraft:blue_bed":1,"minecraft:bell":1,"minecraft:dirt":127,"minecraft:crafting_table":4,"minecraft:blast_furnace":1,"minecraft:iron_hoe":60,"minecraft:iron_axe":50,"minecraft:stone_axe":29,"minecraft:purple_bed":1,"minecraft:sweet_berries":64},"minecraft:killed":{"minecraft:wolf":1,"minecraft:spider":1,"minecraft:iron_golem":1,"minecraft:sheep":4,"minecraft:pillager":2},"minecraft:crafted":{"minecraft:crafting_table":1,"minecraft:birch_boat":2,"minecraft:birch_planks":24,"minecraft:stone_axe":1,"minecraft:iron_axe":1,"minecraft:iron_hoe":1,"minecraft:stick":12,"minecraft:stone_pickaxe":1,"minecraft:iron_shovel":1},"minecraft:dropped":{"minecraft:golden_helmet":2}},"DataVersion":3465}