{"stats":{"minecraft:custom":{"minecraft:jump":28,"minecraft:time_since_rest":1561,"minecraft:damage_dealt":80,"minecraft:crouch_one_cm":47,"minecraft:sprint_one_cm":1900,"minecraft:play_time":1561,"minecraft:time_since_death":1561,"minecraft:walk_one_cm":4709,"minecraft:sneak_time":38,"minecraft:total_world_time":1561,"minecraft:mob_kills":1,"minecraft:fall_one_cm":627,"minecraft:fly_one_cm":4072},"minecraft:mined":{"minecraft:grass_block":2},"minecraft:picked_up":{"minecraft:mutton":2,"minecraft:dirt":2,"minecraft:white_wool":1},"minecraft:used":{"minecraft:dirt":2},"minecraft:killed":{"minecraft:sheep":1}},"DataVersion":3465}