{"stats":{"minecraft:custom":{"minecraft:mob_kills":11,"minecraft:interact_with_crafting_table":13,"minecraft:bell_ring":13,"minecraft:leave_game":1,"minecraft:time_since_death":48636,"minecraft:sleep_in_bed":3,"minecraft:climb_one_cm":2394,"minecraft:time_since_rest":11479,"minecraft:sprint_one_cm":152277,"minecraft:damage_taken":643,"minecraft:walk_one_cm":140899,"minecraft:drop":4,"minecraft:damage_dealt":2121,"minecraft:swim_one_cm":23199,"minecraft:fly_one_cm":250288,"minecraft:open_chest":11,"minecraft:crouch_one_cm":7146,"minecraft:play_time":48636,"minecraft:sneak_time":2782,"minecraft:walk_under_water_one_cm":6707,"minecraft:boat_one_cm":70456,"minecraft:jump":1193,"minecraft:walk_on_water_one_cm":7509,"minecraft:total_world_time":48636,"minecraft:fall_one_cm":29007},"minecraft:mined":{"minecraft:smithing_table":1,"minecraft:white_bed":1,"minecraft:farmland":18,"minecraft:kelp_plant":1,"minecraft:brewing_stand":2,"minecraft:crafting_table":3,"minecraft:allium":5,"minecraft:blast_furnace":1,"minecraft:grass_block":108,"minecraft:chest":1,"minecraft:campfire":1,"minecraft:tall_grass":3,"minecraft:cobblestone":1,"minecraft:kelp":1,"minecraft:spruce_leaves":1,"minecraft:composter":3,"minecraft:sugar_cane":6,"minecraft:blue_bed":2,"minecraft:hay_block":10,"minecraft:pink_petals":7,"minecraft:birch_planks":4,"minecraft:purple_bed":4,"minecraft:carrots":11,"minecraft:birch_log":13,"minecraft:wheat":35,"minecraft:sweet_berry_bush":44,"minecraft:fletching_table":1,"minecraft:yellow_bed":2,"minecraft:bell":2,"minecraft:grass":22,"minecraft:coal_ore":9,"minecraft:potatoes":3,"minecraft:oak_log":48,"minecraft:beetroots":1,"minecraft:dirt_path":10,"minecraft:dirt":63,"minecraft:stone":19,"minecraft:oak_leaves":9},"minecraft:picked_up":{"minecraft:birch_log":13,"minecraft:charcoal":2,"minecraft:pink_petals":13,"minecraft:crafting_table":3,"minecraft:allium":5,"minecraft:smithing_table":1,"minecraft:potato":3,"minecraft:birch_planks":4,"minecraft:oak_log":48,"minecraft:brewing_stand":2,"minecraft:yellow_bed":2,"minecraft:gunpowder":1,"minecraft:blue_bed":2,"minecraft:dirt":198,"minecraft:kelp":12,"minecraft:wheat_seeds":39,"minecraft:bell":2,"minecraft:iron_ingot":5,"minecraft:light_gray_wool":1,"minecraft:fletching_table":1,"minecraft:poppy":1,"minecraft:sugar_cane":9,"minecraft:chest":1,"minecraft:golden_helmet":1,"minecraft:stick":1,"minecraft:birch_boat":1,"minecraft:sweet_berries":125,"minecraft:composter":3,"minecraft:blast_furnace":1,"minecraft:white_bed":1,"minecraft:carrot":11,"minecraft:spider_eye":2,"minecraft:arrow":6,"minecraft:purple_bed":4,"minecraft:beetroot_seeds":1,"minecraft:hay_block":10,"minecraft:black_wool":1,"minecraft:mutton":8,"minecraft:coal":9,"minecraft:white_wool":3,"minecraft:cobblestone":23},"minecraft:used":{"minecraft:iron_shovel":189,"minecraft:birch_planks":4,"minecraft:stone_pickaxe":38,"minecraft:chest":1,"minecraft:birch_boat":2,"minecraft:composter":2,"minecraft:blue_bed":1,"minecraft:bell":1,"minecraft:dirt":187,"minecraft:crafting_table":4,"minecraft:blast_furnace":1,"minecraft:iron_hoe":76,"minecraft:iron_axe":67,"minecraft:bread":3,"minecraft:leather_helmet":1,"minecraft:stone_axe":29,"minecraft:purple_bed":4,"minecraft:sweet_berries":72,"minecraft:yellow_bed":1},"minecraft:killed":{"minecraft:wolf":1,"minecraft:spider":2,"minecraft:iron_golem":1,"minecraft:creeper":1,"minecraft:sheep":4,"minecraft:pillager":2},"minecraft:crafted":{"minecraft:crafting_table":1,"minecraft:birch_boat":2,"minecraft:birch_planks":52,"minecraft:stone_axe":1,"minecraft:bread":30,"minecraft:iron_axe":1,"minecraft:iron_hoe":1,"minecraft:stick":12,"minecraft:stone_pickaxe":1,"minecraft:iron_shovel":1,"minecraft:wheat":90},"minecraft:dropped":{"minecraft:sweet_berries":29,"minecraft:golden_helmet":2}},"DataVersion":3465}