{"stats":{"minecraft:broken":{"minecraft:iron_shovel":1},"minecraft:custom":{"minecraft:mob_kills":11,"minecraft:interact_with_crafting_table":16,"minecraft:bell_ring":13,"minecraft:leave_game":2,"minecraft:time_since_death":60142,"minecraft:sleep_in_bed":4,"minecraft:climb_one_cm":2394,"minecraft:time_since_rest":8848,"minecraft:sprint_one_cm":183713,"minecraft:damage_taken":680,"minecraft:walk_one_cm":182327,"minecraft:drop":5,"minecraft:damage_dealt":2256,"minecraft:talked_to_villager":1,"minecraft:swim_one_cm":36718,"minecraft:fly_one_cm":293387,"minecraft:open_chest":14,"minecraft:crouch_one_cm":7373,"minecraft:play_time":60142,"minecraft:sneak_time":2973,"minecraft:walk_under_water_one_cm":7578,"minecraft:boat_one_cm":76434,"minecraft:jump":1408,"minecraft:interact_with_blast_furnace":3,"minecraft:walk_on_water_one_cm":8867,"minecraft:total_world_time":60142,"minecraft:fall_one_cm":35586},"minecraft:mined":{"minecraft:smithing_table":1,"minecraft:white_bed":1,"minecraft:farmland":96,"minecraft:kelp_plant":1,"minecraft:brewing_stand":2,"minecraft:crafting_table":3,"minecraft:allium":5,"minecraft:blast_furnace":1,"minecraft:grass_block":110,"minecraft:chest":1,"minecraft:campfire":1,"minecraft:tall_grass":5,"minecraft:cobblestone":1,"minecraft:kelp":1,"minecraft:spruce_leaves":1,"minecraft:composter":6,"minecraft:sugar_cane":6,"minecraft:blue_bed":2,"minecraft:hay_block":10,"minecraft:pink_petals":7,"minecraft:birch_planks":4,"minecraft:purple_bed":4,"minecraft:carrots":11,"minecraft:birch_log":13,"minecraft:wheat":35,"minecraft:sweet_berry_bush":44,"minecraft:birch_door":1,"minecraft:fletching_table":1,"minecraft:yellow_bed":2,"minecraft:bell":2,"minecraft:grass":22,"minecraft:coal_ore":9,"minecraft:potatoes":3,"minecraft:oak_log":48,"minecraft:beetroots":1,"minecraft:dirt_path":10,"minecraft:dirt":84,"minecraft:stone":19,"minecraft:oak_leaves":15},"minecraft:picked_up":{"minecraft:birch_log":13,"minecraft:charcoal":2,"minecraft:pink_petals":13,"minecraft:birch_door":1,"minecraft:crafting_table":3,"minecraft:allium":5,"minecraft:water_bucket":1,"minecraft:smithing_table":1,"minecraft:potato":3,"minecraft:birch_planks":4,"minecraft:oak_log":48,"minecraft:brewing_stand":2,"minecraft:yellow_bed":2,"minecraft:gunpowder":1,"minecraft:blue_bed":2,"minecraft:dirt":297,"minecraft:iron_axe":1,"minecraft:apple":1,"minecraft:kelp":12,"minecraft:wheat_seeds":39,"minecraft:bell":2,"minecraft:iron_ingot":5,"minecraft:light_gray_wool":1,"minecraft:fletching_table":1,"minecraft:poppy":1,"minecraft:sugar_cane":9,"minecraft:chest":1,"minecraft:golden_helmet":1,"minecraft:stick":1,"minecraft:birch_boat":5,"minecraft:sweet_berries":125,"minecraft:composter":6,"minecraft:blast_furnace":1,"minecraft:white_bed":1,"minecraft:carrot":11,"minecraft:spider_eye":2,"minecraft:arrow":6,"minecraft:purple_bed":4,"minecraft:beetroot_seeds":1,"minecraft:hay_block":10,"minecraft:black_wool":1,"minecraft:mutton":8,"minecraft:coal":9,"minecraft:white_wool":3,"minecraft:cobblestone":23},"minecraft:used":{"minecraft:water_bucket":1,"minecraft:iron_shovel":285,"minecraft:birch_planks":4,"minecraft:stone_pickaxe":38,"minecraft:chest":1,"minecraft:birch_boat":7,"minecraft:composter":5,"minecraft:blue_bed":1,"minecraft:bell":1,"minecraft:dirt":228,"minecraft:crafting_table":5,"minecraft:blast_furnace":1,"minecraft:birch_door":1,"minecraft:iron_hoe":171,"minecraft:iron_axe":72,"minecraft:bread":5,"minecraft:leather_helmet":1,"minecraft:stone_axe":29,"minecraft:purple_bed":4,"minecraft:sweet_berries":74,"minecraft:bucket":1,"minecraft:yellow_bed":1},"minecraft:killed":{"minecraft:wolf":1,"minecraft:spider":2,"minecraft:iron_golem":1,"minecraft:creeper":1,"minecraft:sheep":4,"minecraft:pillager":2},"minecraft:crafted":{"minecraft:crafting_table":2,"minecraft:birch_boat":3,"minecraft:birch_planks":52,"minecraft:stone_axe":1,"minecraft:bread":30,"minecraft:iron_axe":2,"minecraft:iron_hoe":1,"minecraft:stick":20,"minecraft:iron_ingot":9,"minecraft:iron_pickaxe":1,"minecraft:stone_pickaxe":1,"minecraft:iron_shovel":2,"minecraft:birch_door":3,"minecraft:wheat":90},"minecraft:dropped":{"minecraft:sweet_berries":29,"minecraft:golden_helmet":2,"minecraft:iron_axe":1}},"DataVersion":3465}