{"stats":{"minecraft:custom":{"minecraft:time_since_rest":3086,"minecraft:sprint_one_cm":34316,"minecraft:damage_taken":160,"minecraft:walk_one_cm":24101,"minecraft:mob_kills":2,"minecraft:damage_dealt":170,"minecraft:swim_one_cm":16654,"minecraft:interact_with_crafting_table":6,"minecraft:fly_one_cm":52029,"minecraft:open_chest":2,"minecraft:crouch_one_cm":2073,"minecraft:play_time":13561,"minecraft:bell_ring":9,"minecraft:sneak_time":922,"minecraft:walk_under_water_one_cm":5024,"minecraft:boat_one_cm":30195,"minecraft:jump":279,"minecraft:time_since_death":13561,"minecraft:walk_on_water_one_cm":3903,"minecraft:sleep_in_bed":1,"minecraft:total_world_time":13561,"minecraft:fall_one_cm":5288},"minecraft:mined":{"minecraft:kelp_plant":1,"minecraft:birch_log":6,"minecraft:sweet_berry_bush":40,"minecraft:fletching_table":1,"minecraft:crafting_table":2,"minecraft:bell":2,"minecraft:grass":3,"minecraft:blast_furnace":1,"minecraft:grass_block":5,"minecraft:oak_log":1,"minecraft:chest":1,"minecraft:campfire":1,"minecraft:dirt":2,"minecraft:stone":18,"minecraft:sugar_cane":6,"minecraft:kelp":1,"minecraft:blue_bed":1},"minecraft:picked_up":{"minecraft:birch_log":6,"minecraft:charcoal":2,"minecraft:stick":1,"minecraft:crafting_table":2,"minecraft:sweet_berries":96,"minecraft:oak_log":1,"minecraft:blast_furnace":1,"minecraft:blue_bed":1,"minecraft:dirt":7,"minecraft:arrow":6,"minecraft:kelp":12,"minecraft:wheat_seeds":1,"minecraft:bell":2,"minecraft:fletching_table":1,"minecraft:sugar_cane":9,"minecraft:chest":1,"minecraft:mutton":2,"minecraft:white_wool":1,"minecraft:cobblestone":21},"minecraft:used":{"minecraft:stone_pickaxe":24,"minecraft:birch_boat":1,"minecraft:bell":1,"minecraft:stone_axe":7,"minecraft:dirt":4,"minecraft:crafting_table":1,"minecraft:sweet_berries":15},"minecraft:killed":{"minecraft:sheep":1,"minecraft:wolf":1},"minecraft:crafted":{"minecraft:crafting_table":1,"minecraft:stick":4,"minecraft:birch_boat":1,"minecraft:stone_pickaxe":1,"minecraft:birch_planks":24,"minecraft:stone_axe":1}},"DataVersion":3465}